drug_id,fingerprint_index
(+)-CAMPTOTHECIN,0
(+)-JQ-1,1
(5Z)-7-OXOZEAENOL,2
1044870-39-4,3
1080622-86-1,4
212631-79-3,5
5XE,6
681640,7
9-??-D-ARABINOFURANOSYL GUANINE,8
944328-88-5,9
A-1065-5,10
A-366,11
A-443654,12
A-770041,13
A-83-01,14
AB1010,15
ABT 869,16
ABT737,17
AC 220,18
AC1L1GQE,19
ACETALAX,20
ACHP,21
ACY-1215,22
ADAVOSERTIB,23
AFATINIB,24
AFURESERTIB,25
AG-13736,26
AGI-5198,27
AGI-6780,28
AGK2,29
AICA RIBONUCLEOTIDE,30
AK-55409,31
AK175551,32
AK298746,33
AKT INHIBITOR VIII,34
AL-39256,35
ALECTINIB,36
ALISERTIB,37
ALPELISIB,38
ALPHA-LIPOIC ACID,39
AMG-319,40
AMUVATINIB,41
ANCHUSIN,42
AOB2221,43
AOB2313,44
AOB5560,45
APITOLISIB,46
APO866,47
APR-246,48
AR 42,49
AR-12,50
ARAVA,51
ARRY-520,52
AS-605240,53
AS601245,54
ASCORBATE (VITAMIN C),55
ASP-7487,56
AST-1306,57
AT-7519,58
AT13148,59
AT7867,60
AUY,61
AVAGACESTAT,62
AZ 960,63
AZ-10353926,64
AZ-628,65
AZ20,66
AZ6102,67
AZD 2171,68
AZD 8186,69
AZD-8055,70
AZD1208,71
AZD1332,72
AZD1480,73
AZD3514,74
AZD3759,75
AZD4547,76
AZD4877,77
AZD5153,78
AZD5438,79
AZD5991,80
AZD7762,81
AZD8835,82
AZD8931,83
BAM7,84
BAY-61-3606,85
BDOCA000347A,86
BDP-00009066,87
BELINOSTAT,88
BEN,89
BENZOYLSTAUROSPORINE,90
BERZOSERTIB,91
BEXAROTENE,92
BEZ235,93
BHG712,94
BI-2536,95
BI-97C1,96
BIBF-1120,97
BIBR-1532,98
BICALUTAMIDE,99
BIIB-057,100
BIRABRESIB,101
BIRB 796,102
BIX 02189,103
BKM120,104
BLEOMYCIN,105
BLEOMYCIN (10 UM),106
BLEOMYCIN (50 UM),107
BMS 536924,108
BMS-345541,109
BMS-509744,110
BMS-754807,111
BORTEZOMIB,112
BOSUTINIB,113
BPTES,114
"BRIVANIB, BMS-540215",115
BROMOSPORINE,116
BRYOSTATIN,117
BVD-523,118
BX-912,119
BX795,120
C-75,121
C225,122
CABOZANTINIB,123
CAL-101,124
"CAP-232, TT-232, TLN-232",125
CAPIVASERTIB,126
CAY10566,127
CAY10603,128
CCT-018159,129
CCT007093,130
CCT245232,131
CD532,132
CDK9 INHIBITOR,133
CFMS RECEPTOR TYROSINE KINASE INHIBITOR,134
CGP 60474,135
CGP-082996,136
CHLORIDINE,137
CI-1033,138
CISPLATIN,139
CMK,140
CP-724714,141
CPI-613,142
CPI-637,143
CRIZOTINIB,144
CRT0105446,145
CRT0105950,146
CUDC 101,147
CYCLOPAMINE,148
CYCLOPHOSPHAMIDE,149
CYTARABINE,150
CZC24832,151
DABRAFENIB,152
DACARBAZINE,153
DACINOSTAT,154
DACTINOMYCIN,155
DASATINIB,156
DBI,157
DDE-28,158
DIHYDROROTENONE,159
DIMETHYLOXALYLGLCINE,160
DINACICLIB,161
DOCETAXEL,162
DOXORUBICIN,163
"EEF2K INHIBITOR, A-484954",164
EHT-1864,165
EIF-2ALPHA INHIBITOR,166
EKB 569,167
ELEPHANTIN,168
ELESCLOMOL,169
EMBELIC ACID,170
ENTINOSTAT,171
ENTOSPLETINIB,172
ENZASTAURIN,173
EPIRUBICIN,174
EPO906,175
EPZ-004777,176
EPZ015866,177
ERK INHIBITOR II,178
ERK5-IN-1,179
ERLOTINIB,180
ETOPOSIDE,181
ETP-45835,182
EX 527,183
EX-8678,184
EXEL-2880,185
EXELBINE,186
FEDRATINIB,187
FH535,188
FLAVOPIRIDOL,189
FLUDARA,190
FMK,191
FTI-277,192
FULVESTRANT,193
GALLIBISCOQUINAZOLE,194
GAMMA-SECRETASE INHIBITOR 1,195
GDC 0810,196
GEFITINIB,197
GEMCITABINE,198
GLUTATHIONE,199
GNE 317,200
GNF-2,201
GSK 1904529A,202
GSK 2578215A,203
GSK 269962A,204
GSK 602,205
GSK 650394,206
GSK 690693,207
GSK-1070916,208
GSK-2141795,209
GSK-J4,210
GSK-LSD1,211
GSK1059615,212
GSK2110183B,213
GSK2801,214
GSK2830371,215
GSK319347A,216
GSK343,217
GSK429286A,218
GTPL5238,219
GTPL8020,220
GW441756,221
GW843682X,222
GX15-070,223
HDAC INHIBITOR XV,224
HG-5-113-01,225
HG-5-88-01,226
HG-6-71-01,227
HG6-64-1,228
HKMTI-1-005,229
I-BET-151,230
I-CBP112,231
IBRUTINIB,232
IC-87114,233
ICL-SIRT078,234
IMATINIB,235
IMD-0354,236
IOX2,237
IPA 3,238
IPATASERTIB,239
IRINOTECAN,240
IWP-2,241
JNJ38877605,242
JNK INHIBITOR 9L,243
JNK INHIBITOR VIII,244
JQ12,245
JW-7-24-1,246
JW-7-52-1,247
KB NB 142-70,248
KIN001-042,249
KIN001-112,250
KIN001-123,251
KIN001-167,252
KIN001-201,253
KIN001-244,254
KIN001-266,255
KOBE2602,256
KU-55933,257
KU-57788,258
KU-60019,259
L-OXONORELEAGNINE,260
LAPATINIB,261
LCL161,262
LDN-193189,263
LENALIDOMIDE,264
LESTAURTINIB,265
LGK974,266
LIMK1 INHIBITOR BMS4,267
LJI308,268
LMP744,269
"METAP2 INHIBITOR, A832234",270
METHOTREXATE,271
MG-132,272
MIM 1,273
MIRA 1,274
MIRIN,275
MITOMYCIN-C,276
MITOXANTRONE,277
MK 0457,278
MK-2206,279
MK-8776,280
MN-64,281
MOTESANIB,282
MPS-1-IN-1,283
MST 312,284
MYCOPHENOLIC ACID,285
N-ACETYL CYSTEINE,286
NAVITOCLAX,287
NELARABINE,288
NG-25,289
NILOTINIB,290
NIRAPARIB,291
NPK76-II-72-1,292
NSC 83265,293
NSC 87877,294
NSC-207895,295
NSC319726,296
NVP ADW742,297
NVP-TAE 684,298
OCTANOIC ACID,299
OF-1,300
OLAPARIB,301
OSI 930 OSI930,302
OSIMERTINIB,303
OXALIPLATIN,304
P 22077,305
PACLITAXEL,306
PALBOCICLIB,307
PANOBINOSTAT,308
PARTHENOLIDE,309
PAZOPANIB,310
PD 0325901,311
PD 173074,312
PEMETREXED,313
PEVONEDISTAT,314
PF 4708671,315
PF-00562271,316
PF-543,317
PFI-1,318
PHA 665752,319
PHA 793887,320
PI 103,321
PICOLINATE,322
PICTILISIB,323
PIK 93,324
PILARALISIB,325
PINOMETOSTAT,326
PIPERLONGUMINE,327
PLX 4720,328
PODOPHYLLOTOXIN BROMIDE,329
POMHEX,330
PONATINIB,331
PYRIDOSTATIN,332
QL-VIII-58,333
QL-X-138,334
QL-XI-92,335
QL-XII-47,336
QL-XII-61,337
RECLAST,338
REFAMETINIB,339
REMODELIN,340
RIBOCICLIB,341
RO-3306,342
ROMIDEPSIN,343
RU-SKI 43,344
RUCAPARIB,345
RUXOLITINIB,346
SAR245409,347
SAVOLITINIB,348
SB 216763,349
SB 505124,350
SB 52334,351
SB-590885,352
SCH772984,353
SCHWEINFURTHIN A,354
SELUMETINIB,355
SEPANTRONIUM BROMIDE,356
SERDEMETAN,357
SGC-CBP30,358
SGC0946,359
SINULARIN,360
SIROLIMUS,361
SL0101,362
SNX 2112,363
SORAFENIB,364
STAUROSPORINE,365
STF-62247,366
SUNITINIB,367
T0901317,368
TALAZOPARIB,369
TAMOXIFEN,370
TANESPIMYCIN,371
TASELISIB,372
TEMOZOLOMIDE,373
TEMSIROLIMUS,374
TENIPOSIDE,375
TENOVIN-6,376
TGX 221,377
TIPIFARNIB,378
TIVOZANIB,379
TOPOTECAN,380
TORIN 2,381
TORIN2,382
TPCA-1,383
TRAMETINIB,384
TRETINOIN,385
TRICHOSTATIN A,386
TUBASTATIN A,387
TW 37,388
TWS119,389
UMI 77,390
UNC-1215,391
UNC0379,392
UNC0638,393
UNC0642,394
VE 821,395
VELBAN,396
VELIPARIB,397
VENETOCLAX,398
VISMODEGIB,399
VORINOSTAT,400
VX 702,401
VX-11E,402
WEHI-539,403
WIKI 4,404
WNT-C59,405
WYE-125132,406
WZ 4003,407
WZ3105,408
XAV-939,409
XMD 8-92,410
XMD11-50,411
XMD11-85H,412
XMD13-2,413
XMD14-99,414
Y-39983,415
YK 4-279,416
YM 201636,417
ZD-4054,418
ZG-10,419
ZM 447439,420
